message_id,consult_order_id,sender_id,sender_role,recipient_provider_id,message_sent_timestamp,message_read_timestamp,channel,message_outcome
MSG-0000001,CONS-0000001,RN-00174,Registered Nurse,DOC-0051,2024-11-19 06:26:38,2024-11-19 06:38:53,Legacy Pager,Left Voicemail
MSG-0000002,CONS-0000001,RN-00174,Registered Nurse,DOC-0051,2024-11-19 06:47:38,2024-11-19 07:35:46,Legacy Pager,Read & Acknowledged
MSG-0000003,CONS-0000002,RN-00004,Registered Nurse,DOC-0074,2024-11-19 06:48:23,2024-11-19 06:57:11,Secure App Chat,Read & Acknowledged
MSG-0000004,CONS-0000002,RN-00004,Registered Nurse,DOC-0074,2024-11-19 07:07:23,2024-11-19 07:08:46,Vocera Badge Call,Read & Acknowledged
MSG-0000005,CONS-0000003,RN-00159,Registered Nurse,DOC-0053,2024-11-15 08:46:00,2024-11-15 08:46:30,Secure App Chat,Read & Acknowledged
MSG-0000006,CONS-0000003,RN-00159,Registered Nurse,DOC-0053,2024-11-15 09:43:00,2024-11-15 09:54:05,Secure App Chat,Read & Acknowledged
MSG-0000007,CONS-0000003,RN-00159,Registered Nurse,DOC-0053,2024-11-15 10:00:00,,Legacy Pager,Unread
MSG-0000008,CONS-0000004,RN-00036,Registered Nurse,DOC-0070,2024-11-18 19:24:21,2024-11-18 19:24:59,Vocera Badge Call,Read - No Response
MSG-0000009,CONS-0000005,RN-00086,Registered Nurse,DOC-0097,2024-11-13 13:14:20,,Legacy Pager,Unread
MSG-0000010,CONS-0000005,RN-00086,Registered Nurse,DOC-0097,2024-11-13 14:10:20,2024-11-13 14:45:14,Phone Call to Office,Answered Live
MSG-0000011,CONS-0000005,RN-00086,Registered Nurse,DOC-0097,2024-11-13 14:47:20,2024-11-13 15:33:24,Phone Call to Office,Left Voicemail
MSG-0000012,CONS-0000006,RN-00180,Registered Nurse,DOC-0081,2024-11-17 18:21:28,2024-11-17 18:33:15,Secure App Chat,Read & Acknowledged
MSG-0000013,CONS-0000006,RN-00180,Registered Nurse,DOC-0081,2024-11-17 18:45:28,2024-11-17 18:53:10,Secure App Chat,Read & Acknowledged
MSG-0000014,CONS-0000006,RN-00180,Registered Nurse,DOC-0081,2024-11-17 19:34:28,2024-11-17 19:42:40,Secure App Chat,Read & Acknowledged
MSG-0000015,CONS-0000006,RN-00180,Registered Nurse,DOC-0081,2024-11-17 20:31:28,2024-11-17 20:39:53,Secure App Chat,Read & Acknowledged
MSG-0000016,CONS-0000006,RN-00180,Registered Nurse,DOC-0081,2024-11-17 21:08:28,2024-11-17 21:16:10,Secure App Chat,Read & Acknowledged
MSG-0000017,CONS-0000007,RN-00286,Registered Nurse,DOC-0071,2025-06-23 00:04:39,2025-06-23 00:10:29,Secure App Chat,Read & Acknowledged
MSG-0000018,CONS-0000008,RN-00026,Registered Nurse,DOC-0008,2025-06-27 07:44:32,2025-06-27 08:07:20,Legacy Pager,Answered Live
MSG-0000019,CONS-0000008,RN-00026,Registered Nurse,DOC-0008,2025-06-27 08:12:32,2025-06-27 08:23:09,Secure App Chat,Read - No Response
MSG-0000020,CONS-0000008,RN-00026,Registered Nurse,DOC-0008,2025-06-27 08:43:32,2025-06-27 08:51:53,Secure App Chat,Read - No Response
MSG-0000021,CONS-0000009,RN-00152,Registered Nurse,DOC-0020,2025-06-23 22:31:36,2025-06-23 22:51:54,Secure App Chat,Read & Acknowledged
MSG-0000022,CONS-0000009,RN-00152,Registered Nurse,DOC-0020,2025-06-23 23:18:36,2025-06-23 23:45:36,Legacy Pager,Read & Acknowledged
MSG-0000023,CONS-0000009,RN-00152,Registered Nurse,DOC-0020,2025-06-23 23:41:36,2025-06-23 23:51:07,Legacy Pager,Read & Acknowledged
MSG-0000024,CONS-0000009,RN-00152,Registered Nurse,DOC-0020,2025-06-24 00:11:36,2025-06-24 00:18:22,Secure App Chat,Read - No Response
MSG-0000025,CONS-0000009,RN-00152,Registered Nurse,DOC-0020,2025-06-24 00:52:36,2025-06-24 00:55:53,Vocera Badge Call,Answered Live
MSG-0000026,CONS-0000009,RN-00152,Registered Nurse,DOC-0020,2025-06-24 01:42:36,2025-06-24 01:56:00,Secure App Chat,Read & Acknowledged
MSG-0000027,CONS-0000010,RN-00138,Registered Nurse,DOC-0047,2025-01-14 01:29:31,2025-01-14 01:38:31,Secure App Chat,Read - No Response
MSG-0000028,CONS-0000010,RN-00138,Registered Nurse,DOC-0047,2025-01-14 02:20:31,,Phone Call to Office,Unread
MSG-0000029,CONS-0000011,RN-00271,Registered Nurse,DOC-0007,2025-01-14 05:22:57,2025-01-14 05:40:05,Legacy Pager,Read - No Response
MSG-0000030,CONS-0000011,RN-00271,Registered Nurse,DOC-0007,2025-01-14 06:21:57,2025-01-14 07:12:48,Phone Call to Office,Left Voicemail
MSG-0000031,CONS-0000012,RN-00125,Registered Nurse,DOC-0079,2025-01-14 20:12:14,2025-01-14 20:18:27,Secure App Chat,Read & Acknowledged
MSG-0000032,CONS-0000013,RN-00006,Registered Nurse,DOC-0025,2025-01-18 00:41:35,2025-01-18 00:45:29,Vocera Badge Call,Read & Acknowledged
MSG-0000033,CONS-0000013,RN-00006,Registered Nurse,DOC-0025,2025-01-18 01:20:35,2025-01-18 01:30:30,Secure App Chat,Read & Acknowledged
MSG-0000034,CONS-0000014,RN-00167,Registered Nurse,DOC-0042,2025-01-13 22:06:57,2025-01-13 22:40:23,Phone Call to Office,Answered Live
MSG-0000035,CONS-0000014,RN-00167,Registered Nurse,DOC-0042,2025-01-13 22:41:57,2025-01-13 22:48:59,Secure App Chat,Read & Acknowledged
MSG-0000036,CONS-0000014,RN-00167,Registered Nurse,DOC-0042,2025-01-13 23:15:57,2025-01-13 23:23:24,Secure App Chat,Answered Live
MSG-0000037,CONS-0000014,RN-00167,Registered Nurse,DOC-0042,2025-01-14 00:12:57,2025-01-14 00:24:04,Secure App Chat,Read - No Response
MSG-0000038,CONS-0000015,RN-00102,Registered Nurse,DOC-0063,2025-01-13 02:19:52,2025-01-13 02:53:53,Phone Call to Office,Left Voicemail
MSG-0000039,CONS-0000016,RN-00259,Registered Nurse,DOC-0079,2024-07-31 00:28:40,,Vocera Badge Call,Unread
MSG-0000040,CONS-0000016,RN-00259,Registered Nurse,DOC-0079,2024-07-31 01:22:40,2024-07-31 01:25:05,Vocera Badge Call,Answered Live
MSG-0000041,CONS-0000016,RN-00259,Registered Nurse,DOC-0079,2024-07-31 01:59:40,2024-07-31 02:08:14,Secure App Chat,Read & Acknowledged
MSG-0000042,CONS-0000017,RN-00172,Registered Nurse,DOC-0009,2024-07-30 14:58:07,2024-07-30 15:27:12,Phone Call to Office,Answered Live
MSG-0000043,CONS-0000017,RN-00172,Registered Nurse,DOC-0009,2024-07-30 15:58:07,2024-07-30 16:40:47,Legacy Pager,Read & Acknowledged
MSG-0000044,CONS-0000017,RN-00172,Registered Nurse,DOC-0009,2024-07-30 16:38:07,2024-07-30 16:41:50,Vocera Badge Call,Answered Live
MSG-0000045,CONS-0000017,RN-00172,Registered Nurse,DOC-0009,2024-07-30 17:33:07,2024-07-30 18:06:44,Phone Call to Office,Left Voicemail
MSG-0000046,CONS-0000018,RN-00124,Registered Nurse,DOC-0034,2024-08-02 14:44:27,2024-08-02 14:51:33,Secure App Chat,Read - No Response
MSG-0000047,CONS-0000018,RN-00124,Registered Nurse,DOC-0034,2024-08-02 15:15:27,,Phone Call to Office,Unread
MSG-0000048,CONS-0000018,RN-00124,Registered Nurse,DOC-0034,2024-08-02 15:53:27,,Legacy Pager,Unread
MSG-0000049,CONS-0000019,RN-00136,Registered Nurse,DOC-0032,2024-07-31 21:51:36,,Legacy Pager,Unread
MSG-0000050,CONS-0000019,RN-00136,Registered Nurse,DOC-0032,2024-07-31 22:19:36,2024-07-31 23:04:35,Legacy Pager,Read & Acknowledged
MSG-0000051,CONS-0000019,RN-00136,Registered Nurse,DOC-0032,2024-07-31 22:52:36,2024-07-31 23:00:38,Secure App Chat,Answered Live
MSG-0000052,CONS-0000019,RN-00136,Registered Nurse,DOC-0032,2024-07-31 23:36:36,2024-07-31 23:37:06,Vocera Badge Call,Answered Live
MSG-0000053,CONS-0000019,RN-00136,Registered Nurse,DOC-0032,2024-08-01 00:20:36,2024-08-01 00:23:12,Vocera Badge Call,Read & Acknowledged
MSG-0000054,CONS-0000020,RN-00087,Registered Nurse,DOC-0035,2024-07-28 09:24:27,2024-07-28 09:31:42,Secure App Chat,Read - No Response
MSG-0000055,CONS-0000020,RN-00087,Registered Nurse,DOC-0035,2024-07-28 10:13:27,2024-07-28 10:16:05,Legacy Pager,Read & Acknowledged
MSG-0000056,CONS-0000021,RN-00270,Registered Nurse,DOC-0094,2024-07-31 06:03:26,2024-07-31 06:30:38,Legacy Pager,Read - No Response
MSG-0000057,CONS-0000022,RN-00111,Unit Clerk,DOC-0076,2025-03-03 13:34:18,,Legacy Pager,Unread
MSG-0000058,CONS-0000023,RN-00243,Registered Nurse,DOC-0055,2025-03-03 14:41:53,2025-03-03 14:44:38,Vocera Badge Call,Answered Live
MSG-0000059,CONS-0000024,RN-00293,Unit Clerk,DOC-0063,2025-03-04 00:19:05,2025-03-04 01:11:20,Legacy Pager,Read & Acknowledged
MSG-0000060,CONS-0000024,RN-00293,Unit Clerk,DOC-0063,2025-03-04 01:00:05,2025-03-04 01:49:13,Legacy Pager,Read & Acknowledged
MSG-0000061,CONS-0000024,RN-00293,Unit Clerk,DOC-0063,2025-03-04 01:22:05,2025-03-04 01:30:30,Secure App Chat,Read & Acknowledged
MSG-0000062,CONS-0000024,RN-00293,Unit Clerk,DOC-0063,2025-03-04 02:01:05,2025-03-04 02:15:08,Secure App Chat,Answered Live
MSG-0000063,CONS-0000024,RN-00293,Unit Clerk,DOC-0063,2025-03-04 02:43:05,2025-03-04 02:49:05,Secure App Chat,Read & Acknowledged
MSG-0000064,CONS-0000024,RN-00293,Unit Clerk,DOC-0063,2025-03-04 03:33:05,2025-03-04 03:33:35,Vocera Badge Call,Answered Live
MSG-0000065,CONS-0000024,RN-00293,Unit Clerk,DOC-0063,2025-03-04 04:19:05,2025-03-04 04:23:08,Vocera Badge Call,Read & Acknowledged
MSG-0000066,CONS-0000024,RN-00293,Unit Clerk,DOC-0063,2025-03-04 05:11:05,2025-03-04 05:20:53,Secure App Chat,Answered Live
MSG-0000067,CONS-0000025,RN-00181,Registered Nurse,DOC-0090,2025-03-03 21:09:51,2025-03-03 21:13:34,Secure App Chat,Read - No Response
MSG-0000068,CONS-0000026,RN-00011,Unit Clerk,DOC-0010,2025-03-03 16:18:46,2025-03-03 16:26:03,Legacy Pager,Read - No Response
MSG-0000069,CONS-0000026,RN-00011,Unit Clerk,DOC-0010,2025-03-03 17:02:46,2025-03-03 17:13:33,Secure App Chat,Read & Acknowledged
MSG-0000070,CONS-0000026,RN-00011,Unit Clerk,DOC-0010,2025-03-03 17:42:46,2025-03-03 18:03:02,Legacy Pager,Read & Acknowledged
MSG-0000071,CONS-0000027,RN-00066,Registered Nurse,DOC-0049,2025-03-03 15:12:26,,Legacy Pager,Unread
MSG-0000072,CONS-0000027,RN-00066,Registered Nurse,DOC-0049,2025-03-03 15:45:26,2025-03-03 15:50:10,Vocera Badge Call,Answered Live
MSG-0000073,CONS-0000027,RN-00066,Registered Nurse,DOC-0049,2025-03-03 16:45:26,2025-03-03 17:01:39,Legacy Pager,Read & Acknowledged
MSG-0000074,CONS-0000027,RN-00066,Registered Nurse,DOC-0049,2025-03-03 17:20:26,2025-03-03 17:37:20,Phone Call to Office,Read & Acknowledged
MSG-0000075,CONS-0000027,RN-00066,Registered Nurse,DOC-0049,2025-03-03 17:50:26,2025-03-03 18:28:29,Legacy Pager,Read & Acknowledged
MSG-0000076,CONS-0000027,RN-00066,Registered Nurse,DOC-0049,2025-03-03 18:50:26,2025-03-03 18:57:48,Secure App Chat,Answered Live
MSG-0000077,CONS-0000027,RN-00066,Registered Nurse,DOC-0049,2025-03-03 19:45:26,2025-03-03 19:45:56,Legacy Pager,Read - No Response
MSG-0000078,CONS-0000027,RN-00066,Registered Nurse,DOC-0049,2025-03-03 20:33:26,2025-03-03 21:20:52,Phone Call to Office,Read - No Response
MSG-0000079,CONS-0000028,RN-00199,Registered Nurse,DOC-0024,2025-03-03 10:21:47,2025-03-03 11:07:36,Phone Call to Office,Left Voicemail
MSG-0000080,CONS-0000028,RN-00199,Registered Nurse,DOC-0024,2025-03-03 10:52:47,2025-03-03 10:53:51,Vocera Badge Call,Read - No Response
MSG-0000081,CONS-0000028,RN-00199,Registered Nurse,DOC-0024,2025-03-03 11:43:47,2025-03-03 12:22:18,Legacy Pager,Read & Acknowledged
MSG-0000082,CONS-0000029,RN-00067,Registered Nurse,DOC-0061,2025-03-04 00:44:26,2025-03-04 00:44:56,Vocera Badge Call,Read & Acknowledged
MSG-0000083,CONS-0000029,RN-00067,Registered Nurse,DOC-0061,2025-03-04 01:26:26,2025-03-04 01:59:07,Legacy Pager,Read - No Response
MSG-0000084,CONS-0000029,RN-00067,Registered Nurse,DOC-0061,2025-03-04 01:41:26,2025-03-04 01:44:28,Vocera Badge Call,Answered Live
MSG-0000085,CONS-0000029,RN-00067,Registered Nurse,DOC-0061,2025-03-04 02:35:26,2025-03-04 03:10:07,Legacy Pager,Read - No Response
MSG-0000086,CONS-0000030,RN-00009,Registered Nurse,DOC-0031,2024-07-26 21:38:46,2024-07-26 22:15:03,Legacy Pager,Read & Acknowledged
MSG-0000087,CONS-0000030,RN-00009,Registered Nurse,DOC-0031,2024-07-26 22:19:46,2024-07-26 22:27:59,Secure App Chat,Read & Acknowledged
MSG-0000088,CONS-0000030,RN-00009,Registered Nurse,DOC-0031,2024-07-26 22:37:46,2024-07-26 22:46:29,Secure App Chat,Answered Live
MSG-0000089,CONS-0000030,RN-00009,Registered Nurse,DOC-0031,2024-07-26 23:30:46,,Secure App Chat,Unread
MSG-0000090,CONS-0000031,RN-00290,Registered Nurse,DOC-0002,2024-07-27 08:29:20,2024-07-27 08:30:04,Vocera Badge Call,Answered Live
MSG-0000091,CONS-0000032,RN-00162,Registered Nurse,DOC-0091,2024-07-26 21:17:29,2024-07-26 21:39:06,Legacy Pager,Read & Acknowledged
MSG-0000092,CONS-0000033,RN-00078,Unit Clerk,DOC-0020,2024-07-28 01:11:02,2024-07-28 01:11:32,Vocera Badge Call,Answered Live
MSG-0000093,CONS-0000033,RN-00078,Unit Clerk,DOC-0020,2024-07-28 01:35:02,2024-07-28 01:42:57,Vocera Badge Call,Read & Acknowledged
MSG-0000094,CONS-0000033,RN-00078,Unit Clerk,DOC-0020,2024-07-28 01:55:02,2024-07-28 01:55:32,Vocera Badge Call,Read & Acknowledged
MSG-0000095,CONS-0000033,RN-00078,Unit Clerk,DOC-0020,2024-07-28 02:11:02,2024-07-28 02:37:29,Legacy Pager,Read - No Response
MSG-0000096,CONS-0000034,RN-00260,Registered Nurse,DOC-0052,2024-07-27 09:29:30,2024-07-27 09:32:49,Vocera Badge Call,Read - No Response
MSG-0000097,CONS-0000035,RN-00163,Registered Nurse,DOC-0004,2024-07-26 02:37:07,2024-07-26 02:51:21,Secure App Chat,Read & Acknowledged
MSG-0000098,CONS-0000036,RN-00106,Registered Nurse,DOC-0033,2025-11-04 23:44:25,2025-11-05 00:06:46,Phone Call to Office,Answered Live
MSG-0000099,CONS-0000037,RN-00026,Registered Nurse,DOC-0058,2025-11-05 02:11:54,2025-11-05 02:17:49,Vocera Badge Call,Read & Acknowledged
MSG-0000100,CONS-0000037,RN-00026,Registered Nurse,DOC-0058,2025-11-05 02:42:54,2025-11-05 02:48:27,Phone Call to Office,Read & Acknowledged
MSG-0000101,CONS-0000038,RN-00084,Unit Clerk,DOC-0075,2025-11-05 09:01:51,2025-11-05 09:42:44,Phone Call to Office,Answered Live
MSG-0000102,CONS-0000038,RN-00084,Unit Clerk,DOC-0075,2025-11-05 09:57:51,2025-11-05 10:01:15,Vocera Badge Call,Answered Live
MSG-0000103,CONS-0000038,RN-00084,Unit Clerk,DOC-0075,2025-11-05 10:12:51,2025-11-05 10:30:54,Secure App Chat,Read - No Response
MSG-0000104,CONS-0000038,RN-00084,Unit Clerk,DOC-0075,2025-11-05 11:00:51,2025-11-05 11:09:07,Secure App Chat,Read & Acknowledged
MSG-0000105,CONS-0000038,RN-00084,Unit Clerk,DOC-0075,2025-11-05 11:19:51,2025-11-05 11:23:26,Vocera Badge Call,Answered Live
MSG-0000106,CONS-0000038,RN-00084,Unit Clerk,DOC-0075,2025-11-05 11:59:51,2025-11-05 12:06:57,Vocera Badge Call,Answered Live
MSG-0000107,CONS-0000039,RN-00046,Registered Nurse,DOC-0043,2025-09-08 04:37:10,,Phone Call to Office,Unread
MSG-0000108,CONS-0000039,RN-00046,Registered Nurse,DOC-0043,2025-09-08 05:30:10,2025-09-08 05:39:00,Secure App Chat,Answered Live
MSG-0000109,CONS-0000039,RN-00046,Registered Nurse,DOC-0043,2025-09-08 06:20:10,2025-09-08 07:00:06,Phone Call to Office,Read - No Response
MSG-0000110,CONS-0000039,RN-00046,Registered Nurse,DOC-0043,2025-09-08 06:50:10,2025-09-08 07:14:00,Legacy Pager,Read & Acknowledged
MSG-0000111,CONS-0000040,RN-00144,Registered Nurse,DOC-0064,2025-09-09 06:21:09,2025-09-09 06:22:55,Vocera Badge Call,Answered Live
MSG-0000112,CONS-0000040,RN-00144,Registered Nurse,DOC-0064,2025-09-09 07:15:09,2025-09-09 07:16:48,Vocera Badge Call,Answered Live
MSG-0000113,CONS-0000041,RN-00244,Registered Nurse,DOC-0028,2025-09-09 01:10:20,2025-09-09 01:21:15,Secure App Chat,Answered Live
MSG-0000114,CONS-0000041,RN-00244,Registered Nurse,DOC-0028,2025-09-09 01:49:20,,Legacy Pager,Unread
MSG-0000115,CONS-0000042,RN-00034,Registered Nurse,DOC-0077,2025-09-09 21:54:54,2025-09-09 22:34:34,Legacy Pager,Answered Live
MSG-0000116,CONS-0000042,RN-00034,Registered Nurse,DOC-0077,2025-09-09 22:21:54,,Legacy Pager,Unread
MSG-0000117,CONS-0000042,RN-00034,Registered Nurse,DOC-0077,2025-09-09 23:17:54,2025-09-09 23:37:05,Secure App Chat,Read & Acknowledged
MSG-0000118,CONS-0000043,RN-00285,Registered Nurse,DOC-0041,2025-09-09 08:41:36,2025-09-09 08:46:04,Vocera Badge Call,Answered Live
MSG-0000119,CONS-0000043,RN-00285,Registered Nurse,DOC-0041,2025-09-09 09:31:36,2025-09-09 09:45:57,Secure App Chat,Read & Acknowledged
MSG-0000120,CONS-0000044,RN-00096,Registered Nurse,DOC-0044,2024-02-17 11:47:45,2024-02-17 12:14:33,Phone Call to Office,Left Voicemail
MSG-0000121,CONS-0000044,RN-00096,Registered Nurse,DOC-0044,2024-02-17 12:20:45,,Legacy Pager,Unread
MSG-0000122,CONS-0000044,RN-00096,Registered Nurse,DOC-0044,2024-02-17 12:38:45,2024-02-17 12:48:53,Secure App Chat,Read & Acknowledged
MSG-0000123,CONS-0000044,RN-00096,Registered Nurse,DOC-0044,2024-02-17 13:37:45,,Legacy Pager,Unread
MSG-0000124,CONS-0000044,RN-00096,Registered Nurse,DOC-0044,2024-02-17 14:34:45,,Legacy Pager,Unread
MSG-0000125,CONS-0000045,RN-00260,Registered Nurse,DOC-0004,2024-02-17 13:57:51,,Vocera Badge Call,Unread
MSG-0000126,CONS-0000045,RN-00260,Registered Nurse,DOC-0004,2024-02-17 14:35:51,2024-02-17 14:38:36,Vocera Badge Call,Answered Live
MSG-0000127,CONS-0000045,RN-00260,Registered Nurse,DOC-0004,2024-02-17 15:06:51,2024-02-17 15:08:52,Vocera Badge Call,Read - No Response
MSG-0000128,CONS-0000046,RN-00019,Registered Nurse,DOC-0094,2024-02-17 08:46:46,2024-02-17 08:53:20,Secure App Chat,Read - No Response
MSG-0000129,CONS-0000046,RN-00019,Registered Nurse,DOC-0094,2024-02-17 09:35:46,2024-02-17 10:22:07,Phone Call to Office,Read & Acknowledged
MSG-0000130,CONS-0000047,RN-00080,Registered Nurse,DOC-0020,2024-02-16 22:41:18,2024-02-16 22:58:30,Secure App Chat,Read & Acknowledged
MSG-0000131,CONS-0000047,RN-00080,Registered Nurse,DOC-0020,2024-02-16 23:18:18,2024-02-17 00:03:31,Phone Call to Office,Read - No Response
MSG-0000132,CONS-0000047,RN-00080,Registered Nurse,DOC-0020,2024-02-17 00:01:18,2024-02-17 00:14:13,Phone Call to Office,Answered Live
MSG-0000133,CONS-0000048,RN-00024,Unit Clerk,DOC-0016,2024-02-17 04:13:54,2024-02-17 04:26:57,Secure App Chat,Read & Acknowledged
MSG-0000134,CONS-0000048,RN-00024,Unit Clerk,DOC-0016,2024-02-17 04:30:54,2024-02-17 05:14:40,Phone Call to Office,Left Voicemail
MSG-0000135,CONS-0000048,RN-00024,Unit Clerk,DOC-0016,2024-02-17 05:08:54,2024-02-17 06:08:50,Legacy Pager,Read & Acknowledged
MSG-0000136,CONS-0000048,RN-00024,Unit Clerk,DOC-0016,2024-02-17 05:24:54,2024-02-17 06:04:40,Legacy Pager,Read - No Response
MSG-0000137,CONS-0000048,RN-00024,Unit Clerk,DOC-0016,2024-02-17 05:50:54,2024-02-17 05:59:15,Secure App Chat,Read & Acknowledged
MSG-0000138,CONS-0000048,RN-00024,Unit Clerk,DOC-0016,2024-02-17 06:37:54,2024-02-17 06:40:35,Vocera Badge Call,Answered Live
MSG-0000139,CONS-0000049,RN-00161,Registered Nurse,DOC-0082,2024-02-17 09:38:30,2024-02-17 09:43:30,Secure App Chat,Read - No Response
MSG-0000140,CONS-0000049,RN-00161,Registered Nurse,DOC-0082,2024-02-17 09:54:30,2024-02-17 10:03:02,Secure App Chat,Read & Acknowledged
MSG-0000141,CONS-0000049,RN-00161,Registered Nurse,DOC-0082,2024-02-17 10:42:30,2024-02-17 10:44:47,Vocera Badge Call,Read & Acknowledged
MSG-0000142,CONS-0000049,RN-00161,Registered Nurse,DOC-0082,2024-02-17 11:27:30,2024-02-17 11:32:50,Legacy Pager,Read - No Response
MSG-0000143,CONS-0000049,RN-00161,Registered Nurse,DOC-0082,2024-02-17 11:44:30,2024-02-17 11:50:21,Secure App Chat,Read - No Response
MSG-0000144,CONS-0000050,RN-00278,Unit Clerk,DOC-0075,2024-02-16 20:09:57,2024-02-16 20:12:41,Vocera Badge Call,Answered Live
MSG-0000145,CONS-0000050,RN-00278,Unit Clerk,DOC-0075,2024-02-16 20:55:57,2024-02-16 21:01:29,Vocera Badge Call,Answered Live
MSG-0000146,CONS-0000050,RN-00278,Unit Clerk,DOC-0075,2024-02-16 21:51:57,,Vocera Badge Call,Unread
MSG-0000147,CONS-0000051,RN-00255,Registered Nurse,DOC-0065,2025-05-28 09:35:30,2025-05-28 09:39:34,Secure App Chat,Read & Acknowledged
MSG-0000148,CONS-0000052,RN-00125,Registered Nurse,DOC-0022,2025-05-30 05:37:28,2025-05-30 05:47:47,Secure App Chat,Read & Acknowledged
MSG-0000149,CONS-0000053,RN-00019,Registered Nurse,DOC-0026,2025-05-28 01:48:39,2025-05-28 01:50:13,Secure App Chat,Read & Acknowledged
MSG-0000150,CONS-0000054,RN-00171,Registered Nurse,DOC-0037,2024-03-11 14:42:37,,Legacy Pager,Unread
MSG-0000151,CONS-0000055,RN-00289,Unit Clerk,DOC-0053,2024-03-12 06:55:43,2024-03-12 07:02:02,Vocera Badge Call,Read & Acknowledged
MSG-0000152,CONS-0000056,RN-00151,Registered Nurse,DOC-0099,2024-03-11 07:11:29,2024-03-11 07:22:17,Secure App Chat,Read & Acknowledged
MSG-0000153,CONS-0000056,RN-00151,Registered Nurse,DOC-0099,2024-03-11 07:36:29,2024-03-11 08:18:58,Legacy Pager,Answered Live
MSG-0000154,CONS-0000056,RN-00151,Registered Nurse,DOC-0099,2024-03-11 08:00:29,2024-03-11 08:02:28,Vocera Badge Call,Answered Live
MSG-0000155,CONS-0000056,RN-00151,Registered Nurse,DOC-0099,2024-03-11 09:00:29,2024-03-11 10:13:49,Legacy Pager,Read & Acknowledged
MSG-0000156,CONS-0000056,RN-00151,Registered Nurse,DOC-0099,2024-03-11 09:54:29,,Legacy Pager,Unread
MSG-0000157,CONS-0000057,RN-00122,Registered Nurse,DOC-0076,2024-09-04 14:50:50,2024-09-04 15:16:11,Legacy Pager,Read & Acknowledged
MSG-0000158,CONS-0000057,RN-00122,Registered Nurse,DOC-0076,2024-09-04 15:49:50,,Legacy Pager,Unread
MSG-0000159,CONS-0000057,RN-00122,Registered Nurse,DOC-0076,2024-09-04 16:12:50,,Vocera Badge Call,Unread
MSG-0000160,CONS-0000057,RN-00122,Registered Nurse,DOC-0076,2024-09-04 17:04:50,2024-09-04 17:11:46,Secure App Chat,Answered Live
MSG-0000161,CONS-0000057,RN-00122,Registered Nurse,DOC-0076,2024-09-04 17:20:50,2024-09-04 17:47:27,Legacy Pager,Read - No Response
MSG-0000162,CONS-0000057,RN-00122,Registered Nurse,DOC-0076,2024-09-04 17:39:50,2024-09-04 18:19:10,Phone Call to Office,Left Voicemail
MSG-0000163,CONS-0000057,RN-00122,Registered Nurse,DOC-0076,2024-09-04 18:30:50,2024-09-04 19:14:00,Phone Call to Office,Left Voicemail
MSG-0000164,CONS-0000058,RN-00181,Registered Nurse,DOC-0087,2024-09-05 04:05:24,2024-09-05 04:06:03,Secure App Chat,Read & Acknowledged
MSG-0000165,CONS-0000058,RN-00181,Registered Nurse,DOC-0087,2024-09-05 04:38:24,,Legacy Pager,Unread
MSG-0000166,CONS-0000058,RN-00181,Registered Nurse,DOC-0087,2024-09-05 05:38:24,2024-09-05 05:39:12,Secure App Chat,Read & Acknowledged
MSG-0000167,CONS-0000058,RN-00181,Registered Nurse,DOC-0087,2024-09-05 06:13:24,2024-09-05 06:13:54,Secure App Chat,Read & Acknowledged
MSG-0000168,CONS-0000059,RN-00228,Registered Nurse,DOC-0084,2024-03-28 15:52:37,2024-03-28 16:01:40,Secure App Chat,Answered Live
MSG-0000169,CONS-0000060,RN-00209,Registered Nurse,DOC-0003,2024-03-26 11:03:12,2024-03-26 11:10:20,Secure App Chat,Read - No Response
MSG-0000170,CONS-0000060,RN-00209,Registered Nurse,DOC-0003,2024-03-26 12:00:12,2024-03-26 12:01:21,Vocera Badge Call,Answered Live
MSG-0000171,CONS-0000060,RN-00209,Registered Nurse,DOC-0003,2024-03-26 12:50:12,2024-03-26 12:52:29,Legacy Pager,Read & Acknowledged
MSG-0000172,CONS-0000060,RN-00209,Registered Nurse,DOC-0003,2024-03-26 13:45:12,2024-03-26 13:45:42,Secure App Chat,Read - No Response
MSG-0000173,CONS-0000061,RN-00071,Unit Clerk,DOC-0035,2024-03-31 00:06:54,2024-03-31 00:08:22,Vocera Badge Call,Answered Live
MSG-0000174,CONS-0000061,RN-00071,Unit Clerk,DOC-0035,2024-03-31 00:27:54,2024-03-31 01:22:23,Phone Call to Office,Left Voicemail
MSG-0000175,CONS-0000061,RN-00071,Unit Clerk,DOC-0035,2024-03-31 01:03:54,2024-03-31 01:36:08,Phone Call to Office,Read & Acknowledged
MSG-0000176,CONS-0000062,RN-00129,Registered Nurse,DOC-0041,2024-03-30 12:16:00,2024-03-30 12:50:04,Legacy Pager,Read - No Response
MSG-0000177,CONS-0000062,RN-00129,Registered Nurse,DOC-0041,2024-03-30 13:15:00,2024-03-30 13:25:33,Secure App Chat,Read - No Response
MSG-0000178,CONS-0000063,RN-00265,Registered Nurse,DOC-0033,2024-03-30 06:39:15,2024-03-30 07:22:50,Legacy Pager,Read - No Response
MSG-0000179,CONS-0000064,RN-00145,Unit Clerk,DOC-0019,2024-07-19 19:00:50,2024-07-19 19:16:55,Secure App Chat,Read & Acknowledged
MSG-0000180,CONS-0000064,RN-00145,Unit Clerk,DOC-0019,2024-07-19 19:19:50,2024-07-19 19:20:20,Legacy Pager,Read - No Response
MSG-0000181,CONS-0000065,RN-00168,Registered Nurse,DOC-0034,2024-07-20 21:35:36,,Vocera Badge Call,Unread
MSG-0000182,CONS-0000066,RN-00012,Registered Nurse,DOC-0031,2024-07-20 07:41:04,2024-07-20 07:43:28,Vocera Badge Call,Answered Live
MSG-0000183,CONS-0000066,RN-00012,Registered Nurse,DOC-0031,2024-07-20 08:41:04,2024-07-20 08:54:46,Legacy Pager,Answered Live
MSG-0000184,CONS-0000067,RN-00293,Registered Nurse,DOC-0075,2024-07-19 21:36:49,2024-07-19 21:54:47,Secure App Chat,Read & Acknowledged
MSG-0000185,CONS-0000068,RN-00076,Registered Nurse,DOC-0085,2024-07-20 10:39:35,2024-07-20 10:48:38,Secure App Chat,Read - No Response
MSG-0000186,CONS-0000068,RN-00076,Registered Nurse,DOC-0085,2024-07-20 11:33:35,2024-07-20 11:38:42,Secure App Chat,Read - No Response
MSG-0000187,CONS-0000068,RN-00076,Registered Nurse,DOC-0085,2024-07-20 12:15:35,2024-07-20 12:32:08,Secure App Chat,Read & Acknowledged
MSG-0000188,CONS-0000069,RN-00097,Registered Nurse,DOC-0028,2024-05-25 06:06:30,2024-05-25 06:09:32,Secure App Chat,Read & Acknowledged
MSG-0000189,CONS-0000070,RN-00094,Registered Nurse,DOC-0033,2024-05-26 23:07:30,2024-05-26 23:12:53,Secure App Chat,Read & Acknowledged
MSG-0000190,CONS-0000071,RN-00223,Registered Nurse,DOC-0040,2024-05-29 13:23:42,2024-05-29 13:24:12,Vocera Badge Call,Answered Live
MSG-0000191,CONS-0000072,RN-00025,Registered Nurse,DOC-0068,2024-05-31 00:33:08,2024-05-31 01:16:04,Legacy Pager,Read & Acknowledged
MSG-0000192,CONS-0000073,RN-00222,Registered Nurse,DOC-0005,2024-05-29 23:48:12,2024-05-29 23:51:06,Secure App Chat,Read & Acknowledged
MSG-0000193,CONS-0000073,RN-00222,Registered Nurse,DOC-0005,2024-05-30 00:33:12,2024-05-30 00:40:50,Secure App Chat,Read & Acknowledged
MSG-0000194,CONS-0000073,RN-00222,Registered Nurse,DOC-0005,2024-05-30 01:24:12,2024-05-30 01:28:13,Vocera Badge Call,Read & Acknowledged
MSG-0000195,CONS-0000074,RN-00046,Registered Nurse,DOC-0068,2024-05-31 11:50:33,,Legacy Pager,Unread
MSG-0000196,CONS-0000075,RN-00283,Registered Nurse,DOC-0009,2025-10-16 08:38:06,2025-10-16 09:53:33,Phone Call to Office,Answered Live
MSG-0000197,CONS-0000075,RN-00283,Registered Nurse,DOC-0009,2025-10-16 09:25:06,,Secure App Chat,Unread
MSG-0000198,CONS-0000075,RN-00283,Registered Nurse,DOC-0009,2025-10-16 10:15:06,2025-10-16 10:20:18,Legacy Pager,Read & Acknowledged
MSG-0000199,CONS-0000076,RN-00019,Registered Nurse,DOC-0071,2025-04-18 01:13:57,2025-04-18 01:14:27,Vocera Badge Call,Answered Live
MSG-0000200,CONS-0000076,RN-00019,Registered Nurse,DOC-0071,2025-04-18 01:52:57,2025-04-18 01:54:47,Phone Call to Office,Left Voicemail
MSG-0000201,CONS-0000076,RN-00019,Registered Nurse,DOC-0071,2025-04-18 02:18:57,2025-04-18 02:23:24,Vocera Badge Call,Read & Acknowledged
MSG-0000202,CONS-0000076,RN-00019,Registered Nurse,DOC-0071,2025-04-18 03:11:57,2025-04-18 03:23:51,Secure App Chat,Read & Acknowledged
MSG-0000203,CONS-0000076,RN-00019,Registered Nurse,DOC-0071,2025-04-18 03:30:57,2025-04-18 03:32:27,Vocera Badge Call,Read - No Response
MSG-0000204,CONS-0000076,RN-00019,Registered Nurse,DOC-0071,2025-04-18 04:29:57,,Legacy Pager,Unread
MSG-0000205,CONS-0000076,RN-00019,Registered Nurse,DOC-0071,2025-04-18 04:51:57,2025-04-18 05:17:21,Legacy Pager,Read & Acknowledged
MSG-0000206,CONS-0000077,RN-00258,Registered Nurse,DOC-0075,2025-04-21 12:32:06,2025-04-21 12:42:01,Phone Call to Office,Read & Acknowledged
MSG-0000207,CONS-0000077,RN-00258,Registered Nurse,DOC-0075,2025-04-21 13:08:06,,Phone Call to Office,Unread
MSG-0000208,CONS-0000077,RN-00258,Registered Nurse,DOC-0075,2025-04-21 13:57:06,2025-04-21 14:16:58,Phone Call to Office,Read & Acknowledged
MSG-0000209,CONS-0000077,RN-00258,Registered Nurse,DOC-0075,2025-04-21 14:26:06,2025-04-21 14:27:58,Secure App Chat,Read & Acknowledged
MSG-0000210,CONS-0000077,RN-00258,Registered Nurse,DOC-0075,2025-04-21 15:03:06,2025-04-21 15:11:49,Legacy Pager,Read & Acknowledged
MSG-0000211,CONS-0000077,RN-00258,Registered Nurse,DOC-0075,2025-04-21 15:46:06,2025-04-21 15:49:28,Secure App Chat,Answered Live
MSG-0000212,CONS-0000077,RN-00258,Registered Nurse,DOC-0075,2025-04-21 16:39:06,,Legacy Pager,Unread
MSG-0000213,CONS-0000077,RN-00258,Registered Nurse,DOC-0075,2025-04-21 17:39:06,2025-04-21 17:53:15,Secure App Chat,Read & Acknowledged
MSG-0000214,CONS-0000078,RN-00263,Registered Nurse,DOC-0089,2025-04-23 18:34:13,,Phone Call to Office,Unread
MSG-0000215,CONS-0000079,RN-00270,Registered Nurse,DOC-0083,2025-04-24 08:40:00,2025-04-24 08:55:36,Secure App Chat,Read & Acknowledged
MSG-0000216,CONS-0000079,RN-00270,Registered Nurse,DOC-0083,2025-04-24 09:03:00,2025-04-24 09:06:45,Vocera Badge Call,Read & Acknowledged
MSG-0000217,CONS-0000079,RN-00270,Registered Nurse,DOC-0083,2025-04-24 10:00:00,2025-04-24 10:04:57,Vocera Badge Call,Read & Acknowledged
MSG-0000218,CONS-0000079,RN-00270,Registered Nurse,DOC-0083,2025-04-24 10:24:00,2025-04-24 10:36:05,Secure App Chat,Answered Live
MSG-0000219,CONS-0000079,RN-00270,Registered Nurse,DOC-0083,2025-04-24 11:21:00,2025-04-24 11:29:00,Secure App Chat,Read - No Response
MSG-0000220,CONS-0000079,RN-00270,Registered Nurse,DOC-0083,2025-04-24 12:10:00,2025-04-24 12:48:54,Legacy Pager,Read & Acknowledged
MSG-0000221,CONS-0000079,RN-00270,Registered Nurse,DOC-0083,2025-04-24 13:01:00,2025-04-24 13:56:08,Phone Call to Office,Answered Live
MSG-0000222,CONS-0000079,RN-00270,Registered Nurse,DOC-0083,2025-04-24 13:48:00,2025-04-24 13:59:13,Secure App Chat,Read & Acknowledged
MSG-0000223,CONS-0000080,RN-00249,Registered Nurse,DOC-0061,2025-04-21 04:07:20,2025-04-21 04:41:11,Legacy Pager,Read & Acknowledged
MSG-0000224,CONS-0000080,RN-00249,Registered Nurse,DOC-0061,2025-04-21 04:24:20,2025-04-21 04:27:58,Vocera Badge Call,Answered Live
MSG-0000225,CONS-0000080,RN-00249,Registered Nurse,DOC-0061,2025-04-21 05:03:20,2025-04-21 05:25:44,Legacy Pager,Read & Acknowledged
MSG-0000226,CONS-0000080,RN-00249,Registered Nurse,DOC-0061,2025-04-21 05:45:20,2025-04-21 06:07:50,Legacy Pager,Answered Live
MSG-0000227,CONS-0000080,RN-00249,Registered Nurse,DOC-0061,2025-04-21 06:05:20,2025-04-21 06:19:56,Secure App Chat,Read & Acknowledged
MSG-0000228,CONS-0000080,RN-00249,Registered Nurse,DOC-0061,2025-04-21 06:26:20,,Legacy Pager,Unread
MSG-0000229,CONS-0000080,RN-00249,Registered Nurse,DOC-0061,2025-04-21 07:19:20,2025-04-21 07:26:52,Secure App Chat,Read & Acknowledged
MSG-0000230,CONS-0000081,RN-00250,Registered Nurse,DOC-0029,2025-04-25 03:38:43,2025-04-25 03:50:18,Legacy Pager,Read & Acknowledged
MSG-0000231,CONS-0000082,RN-00068,Registered Nurse,DOC-0069,2025-04-19 07:14:16,2025-04-19 07:44:40,Phone Call to Office,Left Voicemail
MSG-0000232,CONS-0000083,RN-00219,Registered Nurse,DOC-0044,2025-04-28 10:59:35,2025-04-28 11:11:05,Secure App Chat,Read & Acknowledged
MSG-0000233,CONS-0000083,RN-00219,Registered Nurse,DOC-0044,2025-04-28 11:23:35,2025-04-28 11:28:20,Vocera Badge Call,Read & Acknowledged
MSG-0000234,CONS-0000083,RN-00219,Registered Nurse,DOC-0044,2025-04-28 11:55:35,,Legacy Pager,Unread
MSG-0000235,CONS-0000083,RN-00219,Registered Nurse,DOC-0044,2025-04-28 12:34:35,2025-04-28 12:35:05,Secure App Chat,Read & Acknowledged
MSG-0000236,CONS-0000083,RN-00219,Registered Nurse,DOC-0044,2025-04-28 12:52:35,2025-04-28 13:07:08,Legacy Pager,Read - No Response
MSG-0000237,CONS-0000083,RN-00219,Registered Nurse,DOC-0044,2025-04-28 13:15:35,2025-04-28 13:52:31,Legacy Pager,Read & Acknowledged
MSG-0000238,CONS-0000083,RN-00219,Registered Nurse,DOC-0044,2025-04-28 14:06:35,2025-04-28 14:12:36,Legacy Pager,Answered Live
MSG-0000239,CONS-0000083,RN-00219,Registered Nurse,DOC-0044,2025-04-28 14:39:35,2025-04-28 14:46:55,Secure App Chat,Read & Acknowledged
MSG-0000240,CONS-0000084,RN-00237,Registered Nurse,DOC-0046,2025-04-26 08:30:10,2025-04-26 08:36:29,Legacy Pager,Read - No Response
MSG-0000241,CONS-0000084,RN-00237,Registered Nurse,DOC-0046,2025-04-26 08:51:10,2025-04-26 09:23:28,Phone Call to Office,Left Voicemail
MSG-0000242,CONS-0000084,RN-00237,Registered Nurse,DOC-0046,2025-04-26 09:39:10,2025-04-26 09:55:23,Legacy Pager,Read & Acknowledged
MSG-0000243,CONS-0000085,RN-00245,Registered Nurse,DOC-0046,2025-04-30 15:01:47,2025-04-30 15:36:11,Legacy Pager,Read & Acknowledged
MSG-0000244,CONS-0000085,RN-00245,Registered Nurse,DOC-0046,2025-04-30 15:48:47,2025-04-30 16:29:29,Legacy Pager,Read & Acknowledged
MSG-0000245,CONS-0000085,RN-00245,Registered Nurse,DOC-0046,2025-04-30 16:18:47,2025-04-30 17:25:43,Legacy Pager,Read - No Response
MSG-0000246,CONS-0000085,RN-00245,Registered Nurse,DOC-0046,2025-04-30 17:18:47,2025-04-30 17:25:50,Secure App Chat,Read & Acknowledged
MSG-0000247,CONS-0000085,RN-00245,Registered Nurse,DOC-0046,2025-04-30 17:56:47,2025-04-30 18:34:00,Phone Call to Office,Answered Live
MSG-0000248,CONS-0000085,RN-00245,Registered Nurse,DOC-0046,2025-04-30 18:33:47,2025-04-30 19:39:23,Phone Call to Office,Answered Live
MSG-0000249,CONS-0000085,RN-00245,Registered Nurse,DOC-0046,2025-04-30 19:05:47,2025-04-30 19:47:40,Legacy Pager,Read & Acknowledged
MSG-0000250,CONS-0000085,RN-00245,Registered Nurse,DOC-0046,2025-04-30 19:33:47,2025-04-30 19:44:30,Secure App Chat,Read & Acknowledged
MSG-0000251,CONS-0000086,RN-00284,Registered Nurse,DOC-0028,2025-04-25 12:08:06,,Vocera Badge Call,Unread
MSG-0000252,CONS-0000086,RN-00284,Registered Nurse,DOC-0028,2025-04-25 12:29:06,2025-04-25 12:32:18,Secure App Chat,Read & Acknowledged
MSG-0000253,CONS-0000086,RN-00284,Registered Nurse,DOC-0028,2025-04-25 13:19:06,2025-04-25 13:35:01,Legacy Pager,Read & Acknowledged
MSG-0000254,CONS-0000086,RN-00284,Registered Nurse,DOC-0028,2025-04-25 14:07:06,2025-04-25 14:42:29,Legacy Pager,Read - No Response
MSG-0000255,CONS-0000086,RN-00284,Registered Nurse,DOC-0028,2025-04-25 14:42:06,2025-04-25 14:50:01,Legacy Pager,Read - No Response
MSG-0000256,CONS-0000087,RN-00137,Registered Nurse,DOC-0010,2025-04-27 23:37:06,2025-04-27 23:57:50,Legacy Pager,Answered Live
MSG-0000257,CONS-0000087,RN-00137,Registered Nurse,DOC-0010,2025-04-28 00:09:06,2025-04-28 00:12:13,Vocera Badge Call,Read & Acknowledged
MSG-0000258,CONS-0000088,RN-00076,Registered Nurse,DOC-0063,2025-04-27 23:19:08,2025-04-27 23:31:04,Secure App Chat,Read & Acknowledged
MSG-0000259,CONS-0000088,RN-00076,Registered Nurse,DOC-0063,2025-04-27 23:39:08,2025-04-27 23:45:04,Secure App Chat,Read & Acknowledged
MSG-0000260,CONS-0000089,RN-00077,Registered Nurse,DOC-0040,2025-01-12 13:47:13,2025-01-12 13:54:05,Vocera Badge Call,Answered Live
MSG-0000261,CONS-0000089,RN-00077,Registered Nurse,DOC-0040,2025-01-12 14:29:13,2025-01-12 14:30:07,Vocera Badge Call,Answered Live
MSG-0000262,CONS-0000089,RN-00077,Registered Nurse,DOC-0040,2025-01-12 14:57:13,2025-01-12 15:05:54,Secure App Chat,Read - No Response
MSG-0000263,CONS-0000089,RN-00077,Registered Nurse,DOC-0040,2025-01-12 15:46:13,2025-01-12 16:04:24,Legacy Pager,Read - No Response
MSG-0000264,CONS-0000090,RN-00189,Unit Clerk,DOC-0006,2025-01-10 16:59:35,2025-01-10 17:10:29,Secure App Chat,Read & Acknowledged
MSG-0000265,CONS-0000091,RN-00085,Registered Nurse,DOC-0036,2025-01-11 10:42:58,2025-01-11 11:56:37,Phone Call to Office,Read & Acknowledged
MSG-0000266,CONS-0000092,RN-00279,Unit Clerk,DOC-0039,2025-01-11 17:17:53,2025-01-11 17:24:32,Secure App Chat,Read & Acknowledged
MSG-0000267,CONS-0000092,RN-00279,Unit Clerk,DOC-0039,2025-01-11 17:58:53,2025-01-11 18:00:38,Vocera Badge Call,Answered Live
MSG-0000268,CONS-0000093,RN-00107,Registered Nurse,DOC-0086,2025-01-10 18:28:25,2025-01-10 18:28:55,Legacy Pager,Read & Acknowledged
MSG-0000269,CONS-0000093,RN-00107,Registered Nurse,DOC-0086,2025-01-10 18:51:25,2025-01-10 18:52:31,Legacy Pager,Answered Live
MSG-0000270,CONS-0000093,RN-00107,Registered Nurse,DOC-0086,2025-01-10 19:33:25,2025-01-10 19:54:15,Legacy Pager,Read - No Response
MSG-0000271,CONS-0000093,RN-00107,Registered Nurse,DOC-0086,2025-01-10 20:19:25,2025-01-10 20:27:01,Vocera Badge Call,Read & Acknowledged
MSG-0000272,CONS-0000093,RN-00107,Registered Nurse,DOC-0086,2025-01-10 20:37:25,2025-01-10 20:40:45,Secure App Chat,Read & Acknowledged
MSG-0000273,CONS-0000093,RN-00107,Registered Nurse,DOC-0086,2025-01-10 21:15:25,2025-01-10 21:21:32,Secure App Chat,Read & Acknowledged
MSG-0000274,CONS-0000093,RN-00107,Registered Nurse,DOC-0086,2025-01-10 21:44:25,2025-01-10 21:59:08,Secure App Chat,Read & Acknowledged
MSG-0000275,CONS-0000093,RN-00107,Registered Nurse,DOC-0086,2025-01-10 22:07:25,2025-01-10 22:18:56,Secure App Chat,Read - No Response
MSG-0000276,CONS-0000094,RN-00073,Registered Nurse,DOC-0048,2024-05-29 13:05:42,2024-05-29 13:14:59,Secure App Chat,Answered Live
MSG-0000277,CONS-0000094,RN-00073,Registered Nurse,DOC-0048,2024-05-29 13:56:42,,Secure App Chat,Unread
MSG-0000278,CONS-0000094,RN-00073,Registered Nurse,DOC-0048,2024-05-29 14:36:42,2024-05-29 15:13:34,Legacy Pager,Read & Acknowledged
MSG-0000279,CONS-0000094,RN-00073,Registered Nurse,DOC-0048,2024-05-29 14:51:42,2024-05-29 14:54:32,Vocera Badge Call,Answered Live
MSG-0000280,CONS-0000094,RN-00073,Registered Nurse,DOC-0048,2024-05-29 15:50:42,2024-05-29 16:01:26,Secure App Chat,Read - No Response
MSG-0000281,CONS-0000094,RN-00073,Registered Nurse,DOC-0048,2024-05-29 16:19:42,2024-05-29 16:20:12,Legacy Pager,Read - No Response
MSG-0000282,CONS-0000095,RN-00253,Registered Nurse,DOC-0041,2024-05-30 08:03:38,2024-05-30 08:06:49,Secure App Chat,Read & Acknowledged
MSG-0000283,CONS-0000096,RN-00135,Registered Nurse,DOC-0094,2024-05-31 10:11:55,2024-05-31 10:19:56,Secure App Chat,Read - No Response
MSG-0000284,CONS-0000096,RN-00135,Registered Nurse,DOC-0094,2024-05-31 10:42:55,,Legacy Pager,Unread
MSG-0000285,CONS-0000097,RN-00297,Registered Nurse,DOC-0036,2024-05-30 03:58:01,2024-05-30 04:17:51,Legacy Pager,Read & Acknowledged
MSG-0000286,CONS-0000097,RN-00297,Registered Nurse,DOC-0036,2024-05-30 04:23:01,2024-05-30 04:38:28,Legacy Pager,Read & Acknowledged
MSG-0000287,CONS-0000097,RN-00297,Registered Nurse,DOC-0036,2024-05-30 04:59:01,2024-05-30 05:01:27,Vocera Badge Call,Answered Live
MSG-0000288,CONS-0000097,RN-00297,Registered Nurse,DOC-0036,2024-05-30 05:47:01,2024-05-30 06:01:53,Secure App Chat,Read & Acknowledged
MSG-0000289,CONS-0000097,RN-00297,Registered Nurse,DOC-0036,2024-05-30 06:19:01,2024-05-30 06:45:55,Legacy Pager,Read - No Response
MSG-0000290,CONS-0000098,RN-00198,Registered Nurse,DOC-0055,2024-05-29 18:38:08,2024-05-29 19:06:07,Legacy Pager,Read - No Response
MSG-0000291,CONS-0000099,RN-00104,Unit Clerk,DOC-0021,2024-05-30 21:57:13,2024-05-30 23:01:08,Phone Call to Office,Answered Live
MSG-0000292,CONS-0000100,RN-00219,Registered Nurse,DOC-0035,2024-05-31 10:56:49,2024-05-31 11:43:20,Legacy Pager,Read & Acknowledged
MSG-0000293,CONS-0000100,RN-00219,Registered Nurse,DOC-0035,2024-05-31 11:44:49,2024-05-31 12:00:24,Secure App Chat,Read & Acknowledged
MSG-0000294,CONS-0000100,RN-00219,Registered Nurse,DOC-0035,2024-05-31 12:35:49,2024-05-31 12:36:19,Vocera Badge Call,Read & Acknowledged
MSG-0000295,CONS-0000100,RN-00219,Registered Nurse,DOC-0035,2024-05-31 13:30:49,2024-05-31 13:33:52,Vocera Badge Call,Read & Acknowledged
MSG-0000296,CONS-0000100,RN-00219,Registered Nurse,DOC-0035,2024-05-31 13:47:49,2024-05-31 13:53:04,Secure App Chat,Answered Live
MSG-0000297,CONS-0000101,RN-00271,Unit Clerk,DOC-0032,2024-01-18 23:34:21,2024-01-18 23:41:02,Secure App Chat,Read & Acknowledged
MSG-0000298,CONS-0000102,RN-00272,Registered Nurse,DOC-0026,2024-01-21 03:54:43,2024-01-21 04:07:13,Secure App Chat,Read & Acknowledged
MSG-0000299,CONS-0000103,RN-00138,Registered Nurse,DOC-0034,2024-01-20 23:44:07,2024-01-21 00:00:45,Phone Call to Office,Answered Live
MSG-0000300,CONS-0000104,RN-00240,Registered Nurse,DOC-0002,2024-01-19 22:54:19,2024-01-19 23:38:21,Legacy Pager,Read & Acknowledged
MSG-0000301,CONS-0000104,RN-00240,Registered Nurse,DOC-0002,2024-01-19 23:36:19,2024-01-20 00:01:46,Legacy Pager,Read & Acknowledged
MSG-0000302,CONS-0000105,RN-00110,Registered Nurse,DOC-0056,2024-01-18 20:33:05,2024-01-18 20:42:10,Secure App Chat,Read & Acknowledged
MSG-0000303,CONS-0000105,RN-00110,Registered Nurse,DOC-0056,2024-01-18 20:52:05,,Secure App Chat,Unread
MSG-0000304,CONS-0000105,RN-00110,Registered Nurse,DOC-0056,2024-01-18 21:28:05,2024-01-18 22:03:40,Legacy Pager,Read & Acknowledged
MSG-0000305,CONS-0000106,RN-00119,Unit Clerk,DOC-0005,2024-06-23 16:27:00,2024-06-23 16:33:00,Vocera Badge Call,Answered Live
MSG-0000306,CONS-0000107,RN-00079,Registered Nurse,DOC-0057,2025-06-15 13:33:54,2025-06-15 13:37:24,Secure App Chat,Read - No Response
MSG-0000307,CONS-0000107,RN-00079,Registered Nurse,DOC-0057,2025-06-15 13:50:54,2025-06-15 14:07:48,Secure App Chat,Read - No Response
MSG-0000308,CONS-0000108,RN-00148,Unit Clerk,DOC-0088,2025-06-14 23:54:47,2025-06-14 23:58:35,Secure App Chat,Answered Live
MSG-0000309,CONS-0000109,RN-00030,Registered Nurse,DOC-0099,2025-06-12 11:16:46,2025-06-12 12:08:39,Legacy Pager,Read & Acknowledged
MSG-0000310,CONS-0000109,RN-00030,Registered Nurse,DOC-0099,2025-06-12 11:44:46,2025-06-12 11:51:57,Legacy Pager,Read - No Response
MSG-0000311,CONS-0000109,RN-00030,Registered Nurse,DOC-0099,2025-06-12 12:10:46,,Legacy Pager,Unread
MSG-0000312,CONS-0000109,RN-00030,Registered Nurse,DOC-0099,2025-06-12 12:45:46,2025-06-12 12:59:27,Secure App Chat,Read & Acknowledged
MSG-0000313,CONS-0000109,RN-00030,Registered Nurse,DOC-0099,2025-06-12 13:08:46,2025-06-12 13:35:16,Legacy Pager,Read & Acknowledged
MSG-0000314,CONS-0000109,RN-00030,Registered Nurse,DOC-0099,2025-06-12 13:55:46,2025-06-12 13:56:16,Secure App Chat,Read - No Response
MSG-0000315,CONS-0000110,RN-00291,Registered Nurse,DOC-0056,2024-09-04 11:40:12,2024-09-04 12:34:01,Legacy Pager,Answered Live
MSG-0000316,CONS-0000110,RN-00291,Registered Nurse,DOC-0056,2024-09-04 12:25:12,2024-09-04 12:32:49,Secure App Chat,Read - No Response
MSG-0000317,CONS-0000110,RN-00291,Registered Nurse,DOC-0056,2024-09-04 12:59:12,2024-09-04 13:05:18,Secure App Chat,Read - No Response
MSG-0000318,CONS-0000110,RN-00291,Registered Nurse,DOC-0056,2024-09-04 13:59:12,2024-09-04 14:13:36,Secure App Chat,Read & Acknowledged
MSG-0000319,CONS-0000110,RN-00291,Registered Nurse,DOC-0056,2024-09-04 14:47:12,2024-09-04 15:08:22,Phone Call to Office,Answered Live
MSG-0000320,CONS-0000111,RN-00139,Registered Nurse,DOC-0037,2024-09-04 12:14:35,2024-09-04 12:15:05,Vocera Badge Call,Answered Live
MSG-0000321,CONS-0000112,RN-00207,Registered Nurse,DOC-0055,2024-09-05 05:08:54,2024-09-05 05:23:24,Secure App Chat,Read - No Response
MSG-0000322,CONS-0000113,RN-00006,Registered Nurse,DOC-0060,2024-09-03 23:29:24,2024-09-03 23:34:21,Secure App Chat,Read & Acknowledged
MSG-0000323,CONS-0000113,RN-00006,Registered Nurse,DOC-0060,2024-09-04 00:22:24,2024-09-04 00:24:35,Secure App Chat,Answered Live
MSG-0000324,CONS-0000113,RN-00006,Registered Nurse,DOC-0060,2024-09-04 00:59:24,2024-09-04 01:03:37,Vocera Badge Call,Answered Live
MSG-0000325,CONS-0000113,RN-00006,Registered Nurse,DOC-0060,2024-09-04 01:14:24,2024-09-04 01:22:46,Legacy Pager,Read - No Response
MSG-0000326,CONS-0000113,RN-00006,Registered Nurse,DOC-0060,2024-09-04 01:38:24,2024-09-04 02:10:23,Legacy Pager,Read - No Response
MSG-0000327,CONS-0000113,RN-00006,Registered Nurse,DOC-0060,2024-09-04 02:22:24,2024-09-04 02:32:13,Secure App Chat,Read & Acknowledged
MSG-0000328,CONS-0000113,RN-00006,Registered Nurse,DOC-0060,2024-09-04 03:15:24,2024-09-04 03:44:11,Legacy Pager,Read & Acknowledged
MSG-0000329,CONS-0000113,RN-00006,Registered Nurse,DOC-0060,2024-09-04 04:02:24,,Secure App Chat,Unread
MSG-0000330,CONS-0000114,RN-00271,Registered Nurse,DOC-0063,2024-09-03 12:06:55,2024-09-03 12:07:25,Legacy Pager,Read & Acknowledged
MSG-0000331,CONS-0000114,RN-00271,Registered Nurse,DOC-0063,2024-09-03 13:02:55,2024-09-03 13:08:45,Vocera Badge Call,Answered Live
MSG-0000332,CONS-0000114,RN-00271,Registered Nurse,DOC-0063,2024-09-03 13:38:55,,Phone Call to Office,Unread
MSG-0000333,CONS-0000115,RN-00057,Unit Clerk,DOC-0082,2024-09-03 21:27:58,2024-09-03 22:24:59,Phone Call to Office,Answered Live
MSG-0000334,CONS-0000115,RN-00057,Unit Clerk,DOC-0082,2024-09-03 21:56:58,2024-09-03 22:04:06,Secure App Chat,Read & Acknowledged
MSG-0000335,CONS-0000115,RN-00057,Unit Clerk,DOC-0082,2024-09-03 22:18:58,2024-09-03 22:35:36,Secure App Chat,Read & Acknowledged
MSG-0000336,CONS-0000115,RN-00057,Unit Clerk,DOC-0082,2024-09-03 23:00:58,2024-09-03 23:02:02,Secure App Chat,Read - No Response
MSG-0000337,CONS-0000116,RN-00215,Registered Nurse,DOC-0069,2025-04-22 13:25:24,2025-04-22 13:25:54,Secure App Chat,Answered Live
MSG-0000338,CONS-0000116,RN-00215,Registered Nurse,DOC-0069,2025-04-22 13:53:24,2025-04-22 13:53:54,Secure App Chat,Read - No Response
MSG-0000339,CONS-0000117,RN-00138,Registered Nurse,DOC-0095,2025-04-19 16:46:54,2025-04-19 16:51:39,Vocera Badge Call,Answered Live
MSG-0000340,CONS-0000117,RN-00138,Registered Nurse,DOC-0095,2025-04-19 17:13:54,2025-04-19 18:06:43,Phone Call to Office,Read & Acknowledged
MSG-0000341,CONS-0000117,RN-00138,Registered Nurse,DOC-0095,2025-04-19 17:48:54,2025-04-19 17:53:12,Secure App Chat,Read - No Response
MSG-0000342,CONS-0000118,RN-00011,Registered Nurse,DOC-0076,2025-04-20 11:06:59,2025-04-20 11:07:29,Secure App Chat,Read - No Response
MSG-0000343,CONS-0000118,RN-00011,Registered Nurse,DOC-0076,2025-04-20 11:21:59,2025-04-20 11:35:35,Secure App Chat,Read & Acknowledged
MSG-0000344,CONS-0000118,RN-00011,Registered Nurse,DOC-0076,2025-04-20 11:48:59,2025-04-20 12:20:17,Legacy Pager,Read & Acknowledged
MSG-0000345,CONS-0000118,RN-00011,Registered Nurse,DOC-0076,2025-04-20 12:19:59,2025-04-20 12:32:00,Secure App Chat,Read & Acknowledged
MSG-0000346,CONS-0000119,RN-00199,Registered Nurse,DOC-0078,2025-04-19 04:40:14,2025-04-19 04:48:19,Secure App Chat,Read - No Response
MSG-0000347,CONS-0000119,RN-00199,Registered Nurse,DOC-0078,2025-04-19 05:09:14,2025-04-19 05:35:58,Legacy Pager,Answered Live
MSG-0000348,CONS-0000120,RN-00205,Unit Clerk,DOC-0014,2025-04-19 22:13:33,2025-04-19 22:14:11,Vocera Badge Call,Read & Acknowledged
MSG-0000349,CONS-0000120,RN-00205,Unit Clerk,DOC-0014,2025-04-19 23:02:33,2025-04-19 23:13:48,Secure App Chat,Answered Live
MSG-0000350,CONS-0000120,RN-00205,Unit Clerk,DOC-0014,2025-04-19 23:46:33,2025-04-19 23:47:03,Vocera Badge Call,Answered Live
MSG-0000351,CONS-0000121,RN-00036,Registered Nurse,DOC-0003,2024-09-19 08:15:54,2024-09-19 08:39:57,Legacy Pager,Read & Acknowledged
MSG-0000352,CONS-0000121,RN-00036,Registered Nurse,DOC-0003,2024-09-19 09:04:54,2024-09-19 09:28:34,Legacy Pager,Read - No Response
MSG-0000353,CONS-0000122,RN-00250,Registered Nurse,DOC-0098,2024-09-19 12:41:17,2024-09-19 12:47:31,Secure App Chat,Read & Acknowledged
MSG-0000354,CONS-0000122,RN-00250,Registered Nurse,DOC-0098,2024-09-19 13:22:17,2024-09-19 13:28:02,Secure App Chat,Read - No Response
MSG-0000355,CONS-0000123,RN-00045,Registered Nurse,DOC-0067,2024-09-20 03:24:35,2024-09-20 03:46:14,Legacy Pager,Answered Live
MSG-0000356,CONS-0000123,RN-00045,Registered Nurse,DOC-0067,2024-09-20 03:51:35,2024-09-20 04:35:44,Legacy Pager,Read & Acknowledged
MSG-0000357,CONS-0000123,RN-00045,Registered Nurse,DOC-0067,2024-09-20 04:45:35,2024-09-20 04:47:56,Vocera Badge Call,Read & Acknowledged
MSG-0000358,CONS-0000123,RN-00045,Registered Nurse,DOC-0067,2024-09-20 05:04:35,2024-09-20 05:35:24,Phone Call to Office,Answered Live
MSG-0000359,CONS-0000124,RN-00281,Registered Nurse,DOC-0059,2024-09-19 09:31:57,2024-09-19 09:42:38,Secure App Chat,Read & Acknowledged
MSG-0000360,CONS-0000124,RN-00281,Registered Nurse,DOC-0059,2024-09-19 09:48:57,2024-09-19 10:13:53,Legacy Pager,Read & Acknowledged
MSG-0000361,CONS-0000125,RN-00246,Registered Nurse,DOC-0029,2025-04-08 22:44:57,2025-04-09 00:01:05,Phone Call to Office,Read & Acknowledged
MSG-0000362,CONS-0000125,RN-00246,Registered Nurse,DOC-0029,2025-04-08 23:11:57,2025-04-09 00:05:55,Legacy Pager,Read & Acknowledged
MSG-0000363,CONS-0000125,RN-00246,Registered Nurse,DOC-0029,2025-04-08 23:41:57,2025-04-09 00:22:57,Legacy Pager,Read & Acknowledged
MSG-0000364,CONS-0000125,RN-00246,Registered Nurse,DOC-0029,2025-04-09 00:32:57,,Legacy Pager,Unread
MSG-0000365,CONS-0000125,RN-00246,Registered Nurse,DOC-0029,2025-04-09 01:08:57,2025-04-09 01:41:39,Phone Call to Office,Read & Acknowledged
MSG-0000366,CONS-0000126,RN-00188,Registered Nurse,DOC-0094,2025-04-03 17:06:24,2025-04-03 17:51:56,Phone Call to Office,Read & Acknowledged
MSG-0000367,CONS-0000126,RN-00188,Registered Nurse,DOC-0094,2025-04-03 17:50:24,,Vocera Badge Call,Unread
MSG-0000368,CONS-0000126,RN-00188,Registered Nurse,DOC-0094,2025-04-03 18:22:24,2025-04-03 18:29:21,Secure App Chat,Read - No Response
MSG-0000369,CONS-0000127,RN-00168,Registered Nurse,DOC-0094,2025-04-08 14:04:06,2025-04-08 14:23:41,Legacy Pager,Read & Acknowledged
MSG-0000370,CONS-0000128,RN-00224,Unit Clerk,DOC-0046,2025-04-08 17:46:57,2025-04-08 17:52:15,Secure App Chat,Read & Acknowledged
MSG-0000371,CONS-0000128,RN-00224,Unit Clerk,DOC-0046,2025-04-08 18:26:57,2025-04-08 18:58:00,Legacy Pager,Read & Acknowledged
MSG-0000372,CONS-0000129,RN-00107,Registered Nurse,DOC-0076,2025-04-04 07:47:50,2025-04-04 07:49:39,Vocera Badge Call,Answered Live
MSG-0000373,CONS-0000130,RN-00204,Registered Nurse,DOC-0098,2025-04-05 08:28:35,,Vocera Badge Call,Unread
MSG-0000374,CONS-0000131,RN-00057,Registered Nurse,DOC-0065,2025-04-06 08:11:14,2025-04-06 08:26:49,Legacy Pager,Left Voicemail
MSG-0000375,CONS-0000131,RN-00057,Registered Nurse,DOC-0065,2025-04-06 08:28:14,2025-04-06 08:35:51,Secure App Chat,Read - No Response
MSG-0000376,CONS-0000132,RN-00265,Registered Nurse,DOC-0068,2025-04-03 05:26:50,2025-04-03 05:37:33,Legacy Pager,Read & Acknowledged
MSG-0000377,CONS-0000132,RN-00265,Registered Nurse,DOC-0068,2025-04-03 05:41:50,2025-04-03 06:21:07,Legacy Pager,Read - No Response
MSG-0000378,CONS-0000133,RN-00151,Registered Nurse,DOC-0045,2024-09-18 20:02:15,2024-09-18 20:32:06,Legacy Pager,Read - No Response
MSG-0000379,CONS-0000134,RN-00121,Registered Nurse,DOC-0088,2024-09-18 01:30:53,2024-09-18 01:36:48,Secure App Chat,Read & Acknowledged
MSG-0000380,CONS-0000134,RN-00121,Registered Nurse,DOC-0088,2024-09-18 02:01:53,,Legacy Pager,Unread
MSG-0000381,CONS-0000135,RN-00269,Registered Nurse,DOC-0089,2024-09-20 03:11:52,,Legacy Pager,Unread
MSG-0000382,CONS-0000135,RN-00269,Registered Nurse,DOC-0089,2024-09-20 03:43:52,,Legacy Pager,Unread
MSG-0000383,CONS-0000135,RN-00269,Registered Nurse,DOC-0089,2024-09-20 04:29:52,2024-09-20 04:37:17,Secure App Chat,Answered Live
MSG-0000384,CONS-0000135,RN-00269,Registered Nurse,DOC-0089,2024-09-20 04:59:52,2024-09-20 05:01:13,Vocera Badge Call,Answered Live
MSG-0000385,CONS-0000136,RN-00208,Registered Nurse,DOC-0042,2025-07-12 17:17:54,2025-07-12 17:26:41,Legacy Pager,Answered Live
MSG-0000386,CONS-0000136,RN-00208,Registered Nurse,DOC-0042,2025-07-12 18:02:54,2025-07-12 18:04:46,Vocera Badge Call,Answered Live
MSG-0000387,CONS-0000136,RN-00208,Registered Nurse,DOC-0042,2025-07-12 18:35:54,,Legacy Pager,Unread
MSG-0000388,CONS-0000136,RN-00208,Registered Nurse,DOC-0042,2025-07-12 19:25:54,2025-07-12 19:40:57,Secure App Chat,Read & Acknowledged
MSG-0000389,CONS-0000137,RN-00284,Registered Nurse,DOC-0003,2025-07-12 23:02:48,2025-07-12 23:08:12,Vocera Badge Call,Read & Acknowledged
MSG-0000390,CONS-0000138,RN-00183,Registered Nurse,DOC-0037,2025-07-12 17:30:00,2025-07-12 18:01:07,Phone Call to Office,Read - No Response
MSG-0000391,CONS-0000138,RN-00183,Registered Nurse,DOC-0037,2025-07-12 18:18:00,2025-07-12 18:29:25,Legacy Pager,Read - No Response
MSG-0000392,CONS-0000139,RN-00143,Registered Nurse,DOC-0063,2025-07-12 21:38:32,2025-07-12 21:57:06,Legacy Pager,Read - No Response
MSG-0000393,CONS-0000139,RN-00143,Registered Nurse,DOC-0063,2025-07-12 22:36:32,2025-07-12 23:10:59,Legacy Pager,Answered Live
MSG-0000394,CONS-0000139,RN-00143,Registered Nurse,DOC-0063,2025-07-12 23:31:32,2025-07-12 23:50:59,Legacy Pager,Left Voicemail
MSG-0000395,CONS-0000139,RN-00143,Registered Nurse,DOC-0063,2025-07-12 23:53:32,2025-07-12 23:56:56,Legacy Pager,Read & Acknowledged
MSG-0000396,CONS-0000140,RN-00032,Registered Nurse,DOC-0043,2025-07-12 19:07:38,2025-07-12 19:56:28,Legacy Pager,Read & Acknowledged
MSG-0000397,CONS-0000140,RN-00032,Registered Nurse,DOC-0043,2025-07-12 19:54:38,2025-07-12 20:19:27,Phone Call to Office,Read & Acknowledged
MSG-0000398,CONS-0000140,RN-00032,Registered Nurse,DOC-0043,2025-07-12 20:45:38,2025-07-12 20:51:27,Secure App Chat,Read & Acknowledged
MSG-0000399,CONS-0000141,RN-00023,Registered Nurse,DOC-0046,2025-07-12 19:03:31,2025-07-12 19:06:11,Vocera Badge Call,Answered Live
MSG-0000400,CONS-0000141,RN-00023,Registered Nurse,DOC-0046,2025-07-12 19:19:31,2025-07-12 19:27:37,Secure App Chat,Read - No Response
MSG-0000401,CONS-0000141,RN-00023,Registered Nurse,DOC-0046,2025-07-12 20:12:31,2025-07-12 20:16:09,Secure App Chat,Read & Acknowledged
MSG-0000402,CONS-0000141,RN-00023,Registered Nurse,DOC-0046,2025-07-12 21:03:31,2025-07-12 21:09:05,Secure App Chat,Read & Acknowledged
MSG-0000403,CONS-0000141,RN-00023,Registered Nurse,DOC-0046,2025-07-12 21:34:31,2025-07-12 21:46:29,Secure App Chat,Read & Acknowledged
MSG-0000404,CONS-0000141,RN-00023,Registered Nurse,DOC-0046,2025-07-12 22:24:31,2025-07-12 22:26:58,Secure App Chat,Read & Acknowledged
MSG-0000405,CONS-0000141,RN-00023,Registered Nurse,DOC-0046,2025-07-12 22:53:31,2025-07-12 22:59:00,Secure App Chat,Read & Acknowledged
MSG-0000406,CONS-0000141,RN-00023,Registered Nurse,DOC-0046,2025-07-12 23:42:31,,Legacy Pager,Unread
MSG-0000407,CONS-0000142,RN-00144,Registered Nurse,DOC-0023,2025-10-08 10:21:14,2025-10-08 11:22:21,Phone Call to Office,Answered Live
MSG-0000408,CONS-0000142,RN-00144,Registered Nurse,DOC-0023,2025-10-08 10:40:14,2025-10-08 11:23:20,Legacy Pager,Read & Acknowledged
MSG-0000409,CONS-0000143,RN-00276,Registered Nurse,DOC-0095,2025-10-07 23:08:27,2025-10-07 23:17:22,Secure App Chat,Read & Acknowledged
MSG-0000410,CONS-0000144,RN-00029,Registered Nurse,DOC-0020,2025-10-09 02:56:43,2025-10-09 03:12:13,Legacy Pager,Read & Acknowledged
MSG-0000411,CONS-0000144,RN-00029,Registered Nurse,DOC-0020,2025-10-09 03:21:43,2025-10-09 03:25:15,Secure App Chat,Read & Acknowledged
MSG-0000412,CONS-0000145,RN-00013,Registered Nurse,DOC-0075,2025-10-08 02:04:35,,Secure App Chat,Unread
MSG-0000413,CONS-0000145,RN-00013,Registered Nurse,DOC-0075,2025-10-08 02:26:35,2025-10-08 03:00:22,Phone Call to Office,Read & Acknowledged
MSG-0000414,CONS-0000145,RN-00013,Registered Nurse,DOC-0075,2025-10-08 03:24:35,2025-10-08 03:27:35,Legacy Pager,Read - No Response
MSG-0000415,CONS-0000145,RN-00013,Registered Nurse,DOC-0075,2025-10-08 03:54:35,2025-10-08 04:17:17,Legacy Pager,Left Voicemail
MSG-0000416,CONS-0000145,RN-00013,Registered Nurse,DOC-0075,2025-10-08 04:38:35,2025-10-08 04:39:05,Legacy Pager,Read - No Response
MSG-0000417,CONS-0000145,RN-00013,Registered Nurse,DOC-0075,2025-10-08 05:33:35,2025-10-08 05:45:16,Secure App Chat,Read & Acknowledged
MSG-0000418,CONS-0000145,RN-00013,Registered Nurse,DOC-0075,2025-10-08 06:16:35,2025-10-08 06:33:29,Phone Call to Office,Read - No Response
MSG-0000419,CONS-0000146,RN-00214,Registered Nurse,DOC-0047,2025-10-09 12:12:32,2025-10-09 12:13:02,Secure App Chat,Read & Acknowledged
MSG-0000420,CONS-0000147,RN-00044,Registered Nurse,DOC-0050,2025-10-07 23:20:29,2025-10-07 23:34:27,Secure App Chat,Read & Acknowledged
MSG-0000421,CONS-0000148,RN-00021,Unit Clerk,DOC-0091,2025-06-13 07:47:32,2025-06-13 07:55:03,Secure App Chat,Read & Acknowledged
MSG-0000422,CONS-0000148,RN-00021,Unit Clerk,DOC-0091,2025-06-13 08:32:32,2025-06-13 08:36:15,Secure App Chat,Read & Acknowledged
MSG-0000423,CONS-0000148,RN-00021,Unit Clerk,DOC-0091,2025-06-13 09:29:32,2025-06-13 09:33:41,Vocera Badge Call,Answered Live
MSG-0000424,CONS-0000149,RN-00252,Registered Nurse,DOC-0081,2025-06-12 20:51:06,2025-06-12 21:43:05,Legacy Pager,Read - No Response
MSG-0000425,CONS-0000149,RN-00252,Registered Nurse,DOC-0081,2025-06-12 21:17:06,2025-06-12 21:23:48,Secure App Chat,Read - No Response
MSG-0000426,CONS-0000149,RN-00252,Registered Nurse,DOC-0081,2025-06-12 22:07:06,2025-06-12 22:15:57,Secure App Chat,Read & Acknowledged
MSG-0000427,CONS-0000150,RN-00227,Registered Nurse,DOC-0056,2025-06-13 20:21:25,2025-06-13 20:24:38,Vocera Badge Call,Answered Live
MSG-0000428,CONS-0000150,RN-00227,Registered Nurse,DOC-0056,2025-06-13 20:50:25,2025-06-13 20:56:27,Vocera Badge Call,Read & Acknowledged
MSG-0000429,CONS-0000150,RN-00227,Registered Nurse,DOC-0056,2025-06-13 21:24:25,2025-06-13 21:28:27,Vocera Badge Call,Answered Live
MSG-0000430,CONS-0000150,RN-00227,Registered Nurse,DOC-0056,2025-06-13 22:05:25,2025-06-13 22:18:28,Secure App Chat,Read & Acknowledged
MSG-0000431,CONS-0000150,RN-00227,Registered Nurse,DOC-0056,2025-06-13 22:54:25,2025-06-13 23:05:40,Secure App Chat,Read - No Response
MSG-0000432,CONS-0000151,RN-00180,Registered Nurse,DOC-0008,2025-06-13 02:53:56,2025-06-13 03:02:18,Secure App Chat,Answered Live
MSG-0000433,CONS-0000152,RN-00212,Registered Nurse,DOC-0089,2025-06-04 22:45:25,2025-06-04 23:09:22,Legacy Pager,Answered Live
MSG-0000434,CONS-0000152,RN-00212,Registered Nurse,DOC-0089,2025-06-04 23:37:25,2025-06-04 23:39:21,Secure App Chat,Read - No Response
MSG-0000435,CONS-0000152,RN-00212,Registered Nurse,DOC-0089,2025-06-05 00:05:25,2025-06-05 00:30:06,Phone Call to Office,Read & Acknowledged
MSG-0000436,CONS-0000152,RN-00212,Registered Nurse,DOC-0089,2025-06-05 00:56:25,2025-06-05 00:57:36,Vocera Badge Call,Answered Live
MSG-0000437,CONS-0000152,RN-00212,Registered Nurse,DOC-0089,2025-06-05 01:33:25,2025-06-05 01:35:42,Vocera Badge Call,Answered Live
MSG-0000438,CONS-0000152,RN-00212,Registered Nurse,DOC-0089,2025-06-05 02:21:25,2025-06-05 02:47:54,Legacy Pager,Left Voicemail
MSG-0000439,CONS-0000152,RN-00212,Registered Nurse,DOC-0089,2025-06-05 02:44:25,2025-06-05 03:07:47,Legacy Pager,Read - No Response
MSG-0000440,CONS-0000152,RN-00212,Registered Nurse,DOC-0089,2025-06-05 03:36:25,2025-06-05 04:20:44,Phone Call to Office,Left Voicemail
MSG-0000441,CONS-0000153,RN-00290,Registered Nurse,DOC-0060,2025-06-04 16:10:02,2025-06-04 16:13:47,Vocera Badge Call,Read & Acknowledged
MSG-0000442,CONS-0000154,RN-00047,Registered Nurse,DOC-0047,2024-09-16 14:13:28,2024-09-16 15:03:59,Phone Call to Office,Left Voicemail
MSG-0000443,CONS-0000154,RN-00047,Registered Nurse,DOC-0047,2024-09-16 14:39:28,2024-09-16 14:49:32,Secure App Chat,Read & Acknowledged
MSG-0000444,CONS-0000154,RN-00047,Registered Nurse,DOC-0047,2024-09-16 15:24:28,2024-09-16 15:41:17,Legacy Pager,Read & Acknowledged
MSG-0000445,CONS-0000155,RN-00132,Registered Nurse,DOC-0006,2024-09-16 20:52:43,2024-09-16 21:25:23,Legacy Pager,Read - No Response
MSG-0000446,CONS-0000155,RN-00132,Registered Nurse,DOC-0006,2024-09-16 21:28:43,2024-09-16 21:33:11,Vocera Badge Call,Read & Acknowledged
MSG-0000447,CONS-0000156,RN-00278,Registered Nurse,DOC-0050,2024-09-11 19:19:13,2024-09-11 19:30:45,Secure App Chat,Read & Acknowledged
MSG-0000448,CONS-0000156,RN-00278,Registered Nurse,DOC-0050,2024-09-11 19:49:13,2024-09-11 21:00:42,Phone Call to Office,Read - No Response
MSG-0000449,CONS-0000156,RN-00278,Registered Nurse,DOC-0050,2024-09-11 20:15:13,2024-09-11 20:17:55,Vocera Badge Call,Answered Live
MSG-0000450,CONS-0000157,RN-00277,Registered Nurse,DOC-0073,2024-09-18 04:29:39,2024-09-18 04:31:47,Vocera Badge Call,Answered Live
MSG-0000451,CONS-0000158,RN-00237,Registered Nurse,DOC-0093,2025-08-15 09:55:22,2025-08-15 10:02:08,Vocera Badge Call,Read - No Response
MSG-0000452,CONS-0000158,RN-00237,Registered Nurse,DOC-0093,2025-08-15 10:25:22,2025-08-15 11:31:24,Phone Call to Office,Read & Acknowledged
MSG-0000453,CONS-0000158,RN-00237,Registered Nurse,DOC-0093,2025-08-15 10:44:22,2025-08-15 10:52:48,Secure App Chat,Answered Live
MSG-0000454,CONS-0000159,RN-00090,Unit Clerk,DOC-0033,2025-08-16 19:54:08,,Legacy Pager,Unread
MSG-0000455,CONS-0000160,RN-00003,Registered Nurse,DOC-0066,2025-08-20 11:14:47,2025-08-20 12:18:48,Phone Call to Office,Read & Acknowledged
MSG-0000456,CONS-0000161,RN-00087,Registered Nurse,DOC-0081,2025-08-18 12:44:08,2025-08-18 12:47:06,Secure App Chat,Read - No Response
MSG-0000457,CONS-0000162,RN-00098,Registered Nurse,DOC-0062,2025-06-21 06:42:21,2025-06-21 06:52:17,Secure App Chat,Read & Acknowledged
MSG-0000458,CONS-0000163,RN-00253,Registered Nurse,DOC-0063,2025-06-22 11:58:45,2025-06-22 12:12:15,Phone Call to Office,Read - No Response
MSG-0000459,CONS-0000163,RN-00253,Registered Nurse,DOC-0063,2025-06-22 12:27:45,2025-06-22 12:55:12,Legacy Pager,Answered Live
MSG-0000460,CONS-0000163,RN-00253,Registered Nurse,DOC-0063,2025-06-22 13:09:45,2025-06-22 13:39:24,Phone Call to Office,Read & Acknowledged
MSG-0000461,CONS-0000163,RN-00253,Registered Nurse,DOC-0063,2025-06-22 14:01:45,,Legacy Pager,Unread
MSG-0000462,CONS-0000163,RN-00253,Registered Nurse,DOC-0063,2025-06-22 14:46:45,2025-06-22 15:13:01,Legacy Pager,Read - No Response
MSG-0000463,CONS-0000163,RN-00253,Registered Nurse,DOC-0063,2025-06-22 15:40:45,,Phone Call to Office,Unread
MSG-0000464,CONS-0000163,RN-00253,Registered Nurse,DOC-0063,2025-06-22 16:15:45,,Legacy Pager,Unread
MSG-0000465,CONS-0000163,RN-00253,Registered Nurse,DOC-0063,2025-06-22 16:45:45,2025-06-22 16:47:41,Vocera Badge Call,Read & Acknowledged
MSG-0000466,CONS-0000164,RN-00022,Registered Nurse,DOC-0050,2025-06-22 12:25:57,2025-06-22 12:26:27,Secure App Chat,Read & Acknowledged
MSG-0000467,CONS-0000164,RN-00022,Registered Nurse,DOC-0050,2025-06-22 12:50:57,2025-06-22 12:57:05,Secure App Chat,Read & Acknowledged
MSG-0000468,CONS-0000165,RN-00296,Registered Nurse,DOC-0068,2025-06-22 05:49:03,2025-06-22 06:27:57,Legacy Pager,Read - No Response
MSG-0000469,CONS-0000166,RN-00096,Registered Nurse,DOC-0061,2025-06-21 10:30:59,2025-06-21 10:37:53,Secure App Chat,Answered Live
MSG-0000470,CONS-0000167,RN-00041,Unit Clerk,DOC-0060,2025-06-22 12:11:35,2025-06-22 12:43:29,Legacy Pager,Read - No Response
MSG-0000471,CONS-0000168,RN-00274,Registered Nurse,DOC-0088,2025-06-22 01:46:31,2025-06-22 01:51:14,Secure App Chat,Read & Acknowledged
MSG-0000472,CONS-0000168,RN-00274,Registered Nurse,DOC-0088,2025-06-22 02:37:31,2025-06-22 03:15:06,Legacy Pager,Read - No Response
MSG-0000473,CONS-0000169,RN-00067,Registered Nurse,DOC-0096,2025-06-21 13:59:21,2025-06-21 14:04:47,Secure App Chat,Read & Acknowledged
MSG-0000474,CONS-0000169,RN-00067,Registered Nurse,DOC-0096,2025-06-21 14:17:21,2025-06-21 14:18:24,Vocera Badge Call,Answered Live
MSG-0000475,CONS-0000170,RN-00297,Registered Nurse,DOC-0002,2025-06-21 16:22:54,2025-06-21 16:23:24,Secure App Chat,Read & Acknowledged
MSG-0000476,CONS-0000170,RN-00297,Registered Nurse,DOC-0002,2025-06-21 16:53:54,2025-06-21 16:54:24,Vocera Badge Call,Answered Live
MSG-0000477,CONS-0000170,RN-00297,Registered Nurse,DOC-0002,2025-06-21 17:30:54,2025-06-21 18:05:53,Legacy Pager,Read & Acknowledged
MSG-0000478,CONS-0000170,RN-00297,Registered Nurse,DOC-0002,2025-06-21 17:45:54,,Legacy Pager,Unread
MSG-0000479,CONS-0000171,RN-00266,Registered Nurse,DOC-0036,2024-12-25 03:37:55,2024-12-25 03:49:35,Secure App Chat,Read & Acknowledged
MSG-0000480,CONS-0000172,RN-00149,Unit Clerk,DOC-0069,2024-12-27 02:46:57,2024-12-27 02:54:13,Secure App Chat,Read & Acknowledged
MSG-0000481,CONS-0000172,RN-00149,Unit Clerk,DOC-0069,2024-12-27 03:36:57,,Legacy Pager,Unread
MSG-0000482,CONS-0000173,RN-00282,Registered Nurse,DOC-0067,2024-12-27 09:20:12,2024-12-27 09:34:05,Secure App Chat,Read & Acknowledged
MSG-0000483,CONS-0000173,RN-00282,Registered Nurse,DOC-0067,2024-12-27 10:05:12,2024-12-27 10:07:29,Vocera Badge Call,Answered Live
MSG-0000484,CONS-0000173,RN-00282,Registered Nurse,DOC-0067,2024-12-27 10:54:12,2024-12-27 11:01:24,Secure App Chat,Read - No Response
MSG-0000485,CONS-0000174,RN-00062,Registered Nurse,DOC-0019,2025-02-11 14:05:44,,Phone Call to Office,Unread
MSG-0000486,CONS-0000175,RN-00100,Registered Nurse,DOC-0023,2025-02-12 09:56:55,2025-02-12 10:08:46,Secure App Chat,Read & Acknowledged
MSG-0000487,CONS-0000175,RN-00100,Registered Nurse,DOC-0023,2025-02-12 10:51:55,2025-02-12 10:58:29,Secure App Chat,Read & Acknowledged
MSG-0000488,CONS-0000176,RN-00289,Registered Nurse,DOC-0073,2025-02-09 21:31:15,2025-02-09 21:46:36,Secure App Chat,Read - No Response
MSG-0000489,CONS-0000176,RN-00289,Registered Nurse,DOC-0073,2025-02-09 22:12:15,2025-02-09 22:25:12,Secure App Chat,Read & Acknowledged
MSG-0000490,CONS-0000177,RN-00057,Registered Nurse,DOC-0097,2025-02-10 14:05:54,2025-02-10 14:10:20,Vocera Badge Call,Read & Acknowledged
MSG-0000491,CONS-0000177,RN-00057,Registered Nurse,DOC-0097,2025-02-10 14:50:54,2025-02-10 15:02:19,Secure App Chat,Read & Acknowledged
MSG-0000492,CONS-0000178,RN-00177,Registered Nurse,DOC-0004,2025-02-10 03:31:06,2025-02-10 03:36:49,Vocera Badge Call,Answered Live
MSG-0000493,CONS-0000179,RN-00148,Registered Nurse,DOC-0085,2025-02-06 02:34:49,2025-02-06 03:13:46,Legacy Pager,Read - No Response
MSG-0000494,CONS-0000179,RN-00148,Registered Nurse,DOC-0085,2025-02-06 03:29:49,2025-02-06 03:34:48,Secure App Chat,Read & Acknowledged
MSG-0000495,CONS-0000179,RN-00148,Registered Nurse,DOC-0085,2025-02-06 03:44:49,2025-02-06 03:52:29,Vocera Badge Call,Answered Live
MSG-0000496,CONS-0000179,RN-00148,Registered Nurse,DOC-0085,2025-02-06 04:05:49,,Phone Call to Office,Unread
MSG-0000497,CONS-0000180,RN-00274,Registered Nurse,DOC-0099,2025-02-08 05:36:54,2025-02-08 06:12:46,Legacy Pager,Read & Acknowledged
MSG-0000498,CONS-0000180,RN-00274,Registered Nurse,DOC-0099,2025-02-08 06:23:54,2025-02-08 07:13:27,Phone Call to Office,Left Voicemail
MSG-0000499,CONS-0000180,RN-00274,Registered Nurse,DOC-0099,2025-02-08 07:01:54,2025-02-08 07:40:10,Legacy Pager,Left Voicemail
MSG-0000500,CONS-0000180,RN-00274,Registered Nurse,DOC-0099,2025-02-08 07:26:54,2025-02-08 07:34:14,Secure App Chat,Read - No Response
